<?xml version="1.0" encoding="UTF-8"?>
<project-private xmlns="http://www.netbeans.org/ns/project-private/1">
    <editor-bookmarks xmlns="http://www.netbeans.org/ns/editor-bookmarks/2" lastBookmarkId="0"/>
    <open-files xmlns="http://www.netbeans.org/ns/projectui-open-files/2">
        <group>
            <file>file:/Users/Allison/Desktop/Hwk5_Allison_Broski/src/hwk5_allison_broski/Generation.java</file>
            <file>file:/Users/Allison/Desktop/Hwk5_Allison_Broski/src/hwk5_allison_broski/Pokemon.java</file>
            <file>file:/Users/Allison/Desktop/Hwk5_Allison_Broski/src/hwk5_allison_broski/TypeGroup.java</file>
            <file>file:/Users/Allison/Desktop/Hwk5_Allison_Broski/src/hwk5_allison_broski/Hwk5_Allison_Broski.java</file>
        </group>
    </open-files>
</project-private>
